<?xml version="1.0" encoding="UTF-8"?>

<MyGUI type="Widgets">

  <Widget name="Button">
    <Property key="DefaultSkin" value="Button"/>
    <Property key="Skin" value="Button"/>
    <Property key="Skin" value="ButtonSmall"/>
    <Property key="Skin" value="CheckBox"/>
    <Property key="Skin" value="RadioBox"/>
    <Parameter key="Button_Pressed" value="Bool"/>
    <!-- all properties -->
  </Widget>

  <Widget name="StrangeButton">
    <Property key="DefaultSkin" value="Button"/>
    <Property key="Skin" value="Button" group="Other"/>
    <Parameter key="StrangeButton_Pressed" value="Bool"/>
    <!-- all properties -->
  </Widget>

  <Widget name="ComboBox">
    <Property key="DefaultSkin" value="ComboBox"/>
    <Property key="Skin" value="ComboBox"/>
    <Property key="ItemManager" value="true"/>
    <Parameter key="ComboBox_ModeDrop" value="Bool"/>
    <!--Parameter key="ComboBox_AddItem" value="String"/-->
    <!-- all properties -->
  </Widget>

  <Widget name="Edit">
    <Property key="DefaultSkin" value="Edit"/>
    <Property key="Skin" value="Edit"/>
    <Property key="Skin" value="EditStretch"/>
    <Parameter key="Edit_CursorPosition" value="2 int"/>
    <Parameter key="Edit_TextSelect" value="2 int"/>
    <Parameter key="Edit_ReadOnly" value="Bool"/>
    <Parameter key="Edit_Password" value="Bool"/>
    <Parameter key="Edit_MultiLine" value="Bool"/>
    <Parameter key="Edit_PasswordChar" value="String"/>
    <Parameter key="Edit_MaxTextLength" value="1 int"/>
    <Parameter key="Edit_OverflowToTheLeft" value="Bool"/>
    <!-- all properties -->
  </Widget>

  <Widget name="HScroll">
    <Property key="DefaultSkin" value="HScroll"/>
    <Property key="Skin" value="HScroll"/>
    <Property key="Skin" value="HSlider" group="Other"/>
    <Parameter key="Scroll_Range" value="1 int"/>
    <Parameter key="Scroll_Position" value="1 int"/>
    <Parameter key="Scroll_Page" value="1 int"/>
    <Parameter key="Scroll_ViewPage" value="1 int"/>
    <!-- all properties -->
  </Widget>

  <Widget name="ItemBox">
    <Property key="DefaultSkin" value="ItemBox"/>
    <Property key="Skin" value="ItemBox"/>
    <!-- all properties -->
  </Widget>

  <Widget name="List">
    <Property key="DefaultSkin" value="List"/>
    <Property key="Skin" value="List"/>
    <Property key="ItemManager" value="true"/>
    <!--Parameter key="List_AddItem" value="String"/-->
    <!-- all properties -->
  </Widget>

  <Widget name="MenuBar">
    <Property key="DefaultSkin" value="MenuBar"/>
    <Property key="Skin" value="MenuBar"/>
    <Property key="ItemManager" value="true"/>
    <!--Parameter key="MenuBar_AddItem" value="String"/-->
    <!-- all properties -->
  </Widget>

  <Widget name="Message">
    <Property key="DefaultSkin" value="Message"/>
    <Property key="Skin" value="Message"/>
    <!--Property key="ItemManager" value="true"/-->
    <Parameter key="Message_Caption" value="String"/>
    <Parameter key="Message_Message" value="String"/>
    <Parameter key="Message_Modal" value="Bool"/>
    <Parameter key="Message_Button" value="MessageButton"/>
    <!--Parameter key="Message_AddButton" value="String"/-->
    <Parameter key="Message_SmoothShow" value="Bool"/>
    <Parameter key="Message_Fade" value="Bool"/>
    <!-- all properties -->
  </Widget>

  <Widget name="MultiList">
    <Property key="DefaultSkin" value="MultiList"/>
    <Property key="Skin" value="MultiList"/>
    <!-- all properties -->
  </Widget>

  <Widget name="Progress">
    <Property key="DefaultSkin" value="Progress"/>
    <Property key="Skin" value="Progress"/>
    <Property key="Skin" value="ComplexProgress" group="Other"/>
    <Parameter key="Progress_Range" value="1 int"/>
    <Parameter key="Progress_Position" value="1 int"/>
    <Parameter key="Progress_AutoTrack" value="Bool"/>
    <Parameter key="Progress_StartPoint" value="AlignStartPoint"/>
    <!-- all properties -->
  </Widget>

  <Widget name="RenderBox">
    <Property key="DefaultSkin" value="RenderBox"/>
    <Property key="Skin" value="RenderBox"/>
    <Parameter key="RenderBox_Mesh" value="String"/>
    <Parameter key="RenderBox_AutoRotation" value="Bool"/>
    <Parameter key="RenderBox_AutoRotationSpeed" value="1 int"/>
    <Parameter key="RenderBox_BackgroungColour" value="Colour"/>
    <Parameter key="RenderBox_RotationAngle" value="1 int"/>
    <Parameter key="RenderBox_MouseRotation" value="Bool"/>
    <Parameter key="RenderBox_Animation" value="String"/>
    <Parameter key="RenderBox_ViewScale" value="Bool"/>
    <!-- all properties -->
  </Widget>

  <Widget name="Sheet">
    <Property key="DefaultSkin" value="Default"/>
    <Property key="Parent" value="true"/>
    <Property key="Resizeable" value="false"/>
    <Parameter key="Sheet_ButtonWidth" value="1 int"/>
    <Parameter key="Sheet_Select" value="Bool"/>
    <Parameter key="Sheet_SmoothSelect" value="Bool"/>
    <Parameter key="Widget_Caption" value="String"/>
    <!-- all properties -->
  </Widget>

  <Widget name="StaticImage">
    <Property key="DefaultSkin" value="StaticImage"/>
    <Property key="Skin" value="StaticImage"/>
    <Parameter key="Image_Texture" value="String"/>
    <Parameter key="Image_Rect" value="4 int"/>
    <Parameter key="Image_Tile" value="2 float"/>
    <Parameter key="Image_Num" value="1 int"/>
    <!-- all properties -->
  </Widget>

  <Widget name="StaticText">
    <Property key="DefaultSkin" value="StaticText"/>
    <Property key="Skin" value="StaticText"/>
    <!-- all properties -->
  </Widget>

  <Widget name="Tab">
    <Property key="DefaultSkin" value="Tab"/>
    <Property key="Skin" value="Tab"/>
    <Property key="ItemManager" value="true"/>
    <Parameter key="Tab_ButtonWidth" value="1 int"/>
    <Parameter key="Tab_ButtonAutoWidth" value="Bool"/>
    <Parameter key="Tab_SmoothShow" value="Bool"/>
    <!--Parameter key="Tab_AddSheet" value="String"/-->
    <!--Parameter key="Tab_SelectSheet" value="1 int"/-->
    <!-- all properties -->
  </Widget>

  <Widget name="VScroll">
    <Property key="DefaultSkin" value="VScroll"/>
    <Property key="Skin" value="VScroll"/>
    <Property key="Skin" value="VSlider" group="Other"/>
    <Parameter key="Scroll_Range" value="1 int"/>
    <Parameter key="Scroll_Position" value="1 int"/>
    <Parameter key="Scroll_Page" value="1 int"/>
    <Parameter key="Scroll_ViewPage" value="1 int"/>
    <!-- all properties -->
  </Widget>

  <Widget name="Widget">
    <Property key="DefaultSkin" value="Default"/>
    <Property key="Parent" value="true"/>
    <Property key="Skin" value="Panel"/>
    <Property key="Skin" value="PanelSmall" group="Other"/>
    <Property key="Skin" value="Separator1" group="Other"/>
    <Property key="Skin" value="Separator2" group="Other"/>
    <Property key="Skin" value="Separator3" group="Other"/>
    <Property key="Skin" value="Separator4" group="Other"/>
	<Property key="Skin" value="BackRectangle" group="Other"/>
    <Parameter key="Widget_Caption" value="String"/>
    <!--Parameter key="Widget_Move" value="2 or 4 int"/-->
    <!--Parameter key="Widget_Size" value="2 int"/-->
    <Parameter key="Widget_Show" value="Bool"/>
    <Parameter key="Widget_Colour" value="Colour"/>
    <Parameter key="Widget_FontName" value="Font"/>
    <Parameter key="Widget_FontHeight" value="1 int"/>
    <Parameter key="Widget_Alpha" value="1 float"/>
    <!--Parameter key="Widget_State" value="WidgetState"/-->
    <Parameter key="Widget_NeedKey" value="Bool"/>
    <Parameter key="Widget_NeedMouse" value="Bool"/>
    <Parameter key="Widget_InheritsAlpha" value="Bool"/>
    <Parameter key="Widget_AlignText" value="TextAlign"/>
    <Parameter key="Widget_Enabled" value="Bool"/>
    <!-- all properties -->
  </Widget>

  <Widget name="Window">
    <Property key="DefaultSkin" value="Window"/>
    <Property key="Parent" value="true"/>
    <Property key="Child" value="false"/>
    <Property key="Skin" value="Window"/>
    <Property key="Skin" value="WindowC"/>
    <Property key="Skin" value="WindowCS"/>
    <Property key="Skin" value="WindowCSX"/>
    <Parameter key="Window_AutoAlpha" value="Bool"/>
    <Parameter key="Window_MinMax" value="4 int"/>
    <Parameter key="Window_Snap" value="Bool"/>
    <!-- all properties -->
  </Widget>

  <Value name="Align">
    <Property key="#444444[DEFAULT]"/>
    <Property key="DEFAULT"/>
    <Property key="STRETCH"/>
    <Property key="CENTER"/>
    <Property key="LEFT TOP"/>
    <Property key="LEFT BOTTOM"/>
    <Property key="LEFT VSTRETCH"/>
    <Property key="LEFT VCENTER"/>
    <Property key="RIGHT TOP"/>
    <Property key="RIGHT BOTTOM"/>
    <Property key="RIGHT VSTRETCH"/>
    <Property key="RIGHT VCENTER"/>
    <Property key="HSTRETCH TOP"/>
    <Property key="HSTRETCH BOTTOM"/>
    <Property key="HSTRETCH VSTRETCH"/>
    <Property key="HSTRETCH VCENTER"/>
    <Property key="HCENTER TOP"/>
    <Property key="HCENTER BOTTOM"/>
    <Property key="HCENTER VSTRETCH"/>
    <Property key="HCENTER VCENTER"/>
  </Value>

  <Value name="AlignStartPoint">
    <Property key="#444444[DEFAULT]"/>
    <Property key="LEFT"/>
    <Property key="TOP"/>
    <Property key="RIGHT"/>
    <Property key="BOTTOM"/>
  </Value>

  <Value name="TextAlign">
    <Property key="#444444[DEFAULT]"/>
    <Property key="DEFAULT"/>
    <Property key="CENTER"/>
    <Property key="LEFT TOP"/>
    <Property key="LEFT BOTTOM"/>
    <Property key="LEFT VCENTER"/>
    <Property key="RIGHT TOP"/>
    <Property key="RIGHT BOTTOM"/>
    <Property key="RIGHT VCENTER"/>
    <Property key="HCENTER TOP"/>
    <Property key="HCENTER BOTTOM"/>
    <Property key="HCENTER VCENTER"/>
  </Value>

  <Value name="Bool">
    <Property key="true"/>
    <Property key="false"/>
    <Property key="#444444[DEFAULT]"/>
  </Value>

  <Value name="Font">
    <Property key="#444444[DEFAULT]"/>
	<Property key="MyGUI_CoreFont.18"/>
  </Value>
  
  <Value name="Layer">
    <!--Property key="Fade"/-->
    <!--Property key="Pointer"/-->
    <!--Property key="Tooltip"/-->
    <Property key="Info"/>
    <Property key="FadeMiddle"/>
    <Property key="Popup"/>
    <Property key="Main"/>
    <Property key="Modal"/>
    <Property key="Middle"/>
    <Property key="Overlapped"/>
    <Property key="Back"/>
  </Value>

  <Value name="MessageButton">
    <Property key="Ok"/>
    <Property key="Yes"/>
    <Property key="No"/>
    <Property key="Abort"/>
    <Property key="Retry"/>
    <Property key="Ignore"/>
    <Property key="Cancel"/>
    <Property key="Try"/>
    <Property key="Continue"/>
    <Property key="OkCancel"/>
    <Property key="YesNo"/>
    <Property key="YesNoCancel"/>
    <Property key="RetryCancel"/>
    <Property key="AbortRetryIgnore"/>
    <Property key="CancelTryContinue"/>
  </Value>
</MyGUI>
